r_profile_id,asset_name,asset_id
6272322,45,541
10916741,73,9
6722862,483,4
6726049,484,5
6726182,485,2
6726457,486,3
6722861,487,10
6293463,610,540
6227946,610,540
9576,936,6
25789270,1669,1216
24727379,618,1195
25734493,618,1195
24727378,618,1195
24727376,618,1195
24727375,618,1195
24727377,618,1195
24300790,1155,1193
1057083,20,539
2712431,21,348
12454035,23,989
12453932,24,990
4923262,30,851
6296284,35,607
5716905,40,1180
13513407,679,1140
1154378,56,374
3552532,60,628
1562581,63,544
1562582,63,544
2026871,66,538
1685677,70,812
2982709,74,466
10018704,84,835
1544020,94,804
2558138,96,766
3663504,120,1299
3663475,138,1292
4007843,139,643
22264725,187,706
19584781,188,707
2547267,191,414
3663379,192,1267
30110224,195,609
30110225,195,609
20652372,199,1105
22501997,231,1092
5094702,250,848
5094702,250,846
5094702,250,847
2852163,254,470
2854906,255,468
2854927,256,471
2852123,257,469
6289123,258,862
19937037,259,565
5723413,260,771
4328717,261,678
19937038,262,566
19937039,263,567
5781639,264,772
11871028,265,1142
11870276,266,1143
4376374,267,564
11865833,274,598
5814085,275,600
5814072,276,602
5814079,277,559
11862521,278,599
11863829,279,601
3663513,281,1301
3663352,288,1257
3929630,289,477
3929756,289,477
4497359,290,769
25677205,314,1098
4559783,320,798
3928962,323,1225
3663532,333,1307
19584784,334,621
19584785,335,624
19584786,336,625
19584788,337,622
19584791,338,623
19584792,339,626
3663610,344,1320
2969999,359,613
16305233,360,816
11933654,361,815
21832982,362,817
3663468,377,1290
3964787,388,473
3663456,420,1286
3663287,421,1231
12454060,422,994
12454147,423,995
12454729,424,996
12454841,425,997
18731535,442,933
20023581,443,938
20023588,445,934
16053910,446,935
18665075,448,937
6782086,450,1141
3663616,457,1321
3663262,458,1227
3663556,467,1308
3663407,504,1271
3663297,505,1235
3663471,507,1291
3663458,508,1287
3663480,509,1294
6566782,518,784
16782658,519,785
5839381,522,832
3663350,525,1255
3663462,526,1288
4361701,546,640
17604293,557,805
8493551,558,836
3588389,563,299
2834223,577,404
2834223,577,405
2834223,577,406
2834223,577,407
2834223,577,408
3943573,598,476
3943579,598,476
3943581,598,476
3943574,598,476
3943584,598,476
3943582,598,476
3943547,598,476
3943472,598,476
3663298,619,1236
3663578,622,1314
19584794,623,857
19584796,624,858
11867700,625,859
3663618,626,1322
19926249,629,1120
3663411,636,1273
2746037,644,479
2746037,644,480
2236836,646,523
1790187,647,415
2053121,648,416
3406439,649,562
3432455,650,548
23730502,651,668
10018583,652,833
3663530,654,1306
3663507,676,1300
3663351,681,1256
5857398,698,418
5857400,698,418
5857443,698,418
5857444,698,418
29823014,739,1103
13513782,740,346
13513781,741,345
6280626,749,834
3663416,770,1276
3928958,780,399
3928961,780,399
3663374,786,1264
3663521,787,1304
2855118,790,341
17352843,793,608
25151,804,930
2549495,812,553
3588555,816,642
3663651,823,1324
18253979,824,845
2303877,835,417
2890584,835,417
2284838,835,417
25201909,839,1101
25148926,850,838
3663481,852,1295
6054177,854,757
15998,872,560
12454944,875,1000
12454974,876,1001
14471424,878,1013
14480975,879,1015
14479383,880,1011
14482184,881,1014
14471458,882,1010
14478904,883,1006
14471683,884,1004
14472271,885,1012
14472414,886,1005
14471711,887,1009
14471620,888,1007
14471815,889,1008
13800838,891,837
3663432,896,1281
12445782,899,1144
18222781,900,1145
24759489,904,651
24759490,905,652
24759491,906,653
1352199,907,420
1401465,908,421
3663648,920,1323
14731687,957,790
3663366,975,1261
3663428,996,1279
3663291,1001,1233
3663289,1002,1232
3930332,1013,396
3930338,1013,396
3930251,1013,396
3928191,1014,397
3067075,1036,400
2855213,1037,342
3663485,1038,1296
3663445,1041,1282
2972759,1043,375
19926242,1082,1112
4380799,1084,583
1263521,1085,1219
19835265,1089,1113
24282079,1092,1100
3663682,1096,1326
4858433,1101,779
4858433,1101,780
3663376,1105,1265
3663309,1111,1241
3663314,1112,1242
3663339,1113,1251
3928173,1117,398
3928179,1117,398
3663299,1129,1237
24224196,1135,1096
1066624,1136,722
1328297,1137,723
15673260,1141,844
3663276,1156,1230
3663365,1184,1260
20116,1187,860
3663591,1194,1319
4045889,1196,715
4134278,1197,714
2964333,1212,410
2964320,1213,411
25120482,1215,1139
25120485,1216,1138
25120487,1217,1137
22455738,1220,352
22455739,1221,568
30110226,1225,610
30110227,1226,611
4046675,1235,636
6798918,1263,886
3663582,1269,1317
3663386,1270,1268
19835280,1280,1115
3582208,1281,451
3596891,1281,451
3921930,1281,451
3927789,1281,451
3579485,1281,451
3582871,1281,451
18753941,1281,451
3583153,1281,451
3583123,1281,451
3583250,1281,451
3596826,1281,451
18753929,1281,451
3914172,1281,451
3582197,1281,451
6187818,1291,461
30100,1292,462
19920482,1293,1102
6295817,1300,605
6295840,1301,606
6295835,1301,605
23375827,1301,606
23375828,1301,606
2854807,1306,402
22502267,1312,1099
5142005,1313,682
3663341,1318,1252
12455736,1324,1002
18394,1330,486
9614,1330,486
9645,1331,495
9643,1332,483
9676,1334,485
9679,1335,492
9655,1336,488
9674,1337,493
9623,1338,494
9628,1339,496
9611,1340,491
9667,1342,489
9619,1343,490
9681,1344,482
9625,1345,527
9621,1346,532
9662,1347,530
9612,1348,534
9646,1349,531
9615,1350,528
9626,1351,529
9620,1352,533
3663333,1355,1248
3663417,1365,1277
3663344,1366,1253
7657,1372,303
7657,1372,304
5950569,1373,725
6331843,1373,725
6331848,1373,725
6331852,1373,725
15086881,1381,982
15086818,1382,983
15086886,1383,984
15086821,1384,985
2963897,1385,589
2964311,1386,586
2964312,1387,590
2964329,1388,591
2967358,1389,587
2964374,1390,596
2964391,1391,588
2964380,1392,595
2964503,1393,592
2967350,1394,593
2967356,1395,594
3336342,1400,456
3336342,1400,467
3336342,1400,458
3336342,1400,459
14888957,1401,518
11867834,1402,517
11867783,1403,519
15997,1412,460
2854803,1417,349
2854799,1419,390
2854800,1420,373
3422674,1421,618
4046919,1422,677
3422661,1424,617
3422628,1425,615
4034737,1426,350
3422659,1427,616
6301368,1430,875
29823026,1434,1226
18269788,1435,710
3663355,1454,1258
3663425,1458,1278
3663519,1459,1302
12925773,1473,755
18222556,1474,756
22006520,1479,1146
19926248,1481,1119
3663269,1489,1228
4475602,1492,799
4475602,1492,800
4475602,1492,801
3663431,1494,1280
3663448,1495,1284
3663573,1498,1311
3663337,1508,1250
3663334,1510,1249
3663293,1512,1234
3663581,1514,1316
19926243,1515,1114
3663318,1516,1243
3663557,1521,1309
12455741,1532,1003
3663500,1534,1298
2789960,1536,392
1776879,1541,1223
3663685,1546,1327
6244835,1548,687
6246307,1566,782
3422059,1579,639
29823085,1588,525
19920473,1594,1093
3663564,1596,1310
3663447,1600,1283
24727374,1612,1148
6207484,1617,709
3663377,1622,1266
3315077,1630,569
3431772,1631,413
3431797,1632,457
3431763,1633,478
4361948,1634,664
16344992,1653,991
16344993,1654,992
16344995,1655,993
12454855,1656,998
12454934,1657,999
3663476,1658,1293
3663323,1659,1246
20652373,1678,1104
13404775,1685,661
11855525,1686,662
20245860,1692,1117
20245862,1694,1118
2964555,1706,409
4230670,1716,761
24759492,1727,680
3663372,1736,1263
2970027,1737,326
28470160,1744,475
28470162,1744,475
28470163,1744,475
3927732,1744,475
3927738,1744,475
3928000,1744,475
3928027,1744,475
19920477,1749,1097
3972784,1753,474
2009074,1754,372
14410925,1756,849
3969180,1758,292
3969267,1758,292
3969539,1758,292
3663576,1759,1313
19920475,1760,1095
2855267,1767,472
3663320,1784,1245
3663303,1785,1239
1479951,1787,378
6770745,1809,1130
3663525,1810,1305
3663520,1811,1303
3663319,1812,1244
15140099,1814,1221
4380803,1822,1224
3663414,1823,1274
3663679,1830,1325
2617169,48,554
11770075,51,1342
1129774,53,763
20781719,65,1061
29857971,82,814
6771095,91,962
11867842,114,558
3663488,116,1330
19869347,121,1028
20781717,122,1060
26528217,129,1016
26528218,130,1017
24134405,146,879
13051146,157,840
23764073,159,1159
12443878,161,970
20781720,170,1062
22012975,190,1357
6600079,198,465
14524205,242,873
1534284,273,356
1923129,286,449
1923151,286,449
1923131,286,449
1923153,286,449
1923130,286,449
1923141,286,449
1923143,286,449
1923134,286,449
1923144,286,449
1923146,286,449
1923139,286,449
1923135,286,449
1923149,286,449
1923156,286,449
1923154,286,449
1923159,286,449
1923160,286,449
1923127,286,449
1923158,286,449
1923133,286,449
14818281,291,960
3663617,294,1331
14410916,317,683
3663331,326,1350
28620795,340,975
24709500,343,1156
24709501,343,1156
24709502,343,1156
24709503,343,1156
24709499,343,1156
3663467,378,1332
20433,380,912
19937040,381,913
22455744,393,1165
22455745,394,1166
22455746,395,1167
22455740,396,1161
22455741,397,1162
22455742,398,1163
22455743,399,1164
3663429,410,1339
3663546,411,1340
22150568,415,629
19917576,426,443
1110564,479,612
19917568,501,430
19917572,535,444
2855288,541,329
3663606,561,1354
2855263,570,380
2550702,571,347
1339936,572,453
6680609,601,436
19502268,602,437
9707,606,498
3663533,630,1333
9714,633,502
13503881,656,1160
2854696,664,388
2854696,664,556
1839109,666,454
1839111,666,454
2494755,697,387
9690,699,503
6232491,700,889
19917571,719,431
19917569,728,432
1840883,729,377
2855277,736,300
3663412,738,1341
2855310,767,328
19917573,776,445
9730,830,549
16011,831,550
1534269,842,452
1534271,842,452
2794350,844,807
2794482,845,807
2794399,846,807
2794970,847,807
2794995,848,807
3663408,870,1342
13811521,893,774
19917563,930,438
3533655,970,768
6302251,979,880
6302251,979,881
2855343,998,394
11878459,1019,921
11878459,1019,923
11878459,1019,924
11878460,1020,922
11878460,1020,925
21204207,1033,1106
3663494,1039,1343
20008134,1040,1071
3663343,1073,1334
19917564,1081,439
21902501,1091,1072
19917565,1094,440
9698,1095,508
3663368,1097,1351
1556416,1106,819
1556426,1106,819
1556436,1106,819
25051473,1109,604
9709,1130,511
2855290,1133,383
10083685,1139,536
10084418,1140,537
23728969,1145,931
9708,1157,504
11866485,1165,1157
11857117,1166,1158
9686,1172,507
22013861,1189,1358
2855282,1192,327
13253316,1193,961
19917574,1210,446
13132279,1223,973
13132279,1223,974
22013870,1224,1360
12445851,1231,966
3663307,1240,1344
9723,1259,509
4123849,1261,724
23640977,1272,971
2977800,1273,580
11715544,1279,916
14385055,1329,441
2855274,1353,301
20033724,1356,1089
20033725,1357,1089
20033726,1358,1089
20033727,1359,1089
1922149,1360,535
1922155,1360,535
6807761,1407,865
6807761,1407,866
3010278,1413,385
2855286,1416,524
2855280,1460,302
1409966,1461,874
12425592,1465,358
12425590,1466,357
3198852,1482,343
4859914,1484,670
2550303,1485,577
2855316,1491,552
3663280,1517,1345
3663306,1518,1346
3663278,1519,1347
2982484,1525,448
6707016,1527,942
2854671,1535,422
2855380,1538,393
14465167,1540,603
2855301,1570,412
1484581,1574,354
1484582,1575,353
3663558,1603,1336
19917575,1628,447
6712715,1642,941
19917566,1648,433
9691,1650,510
22013867,1711,1359
2834593,1717,376
2713394,1717,376
2855294,1719,325
4946958,1741,736
11713027,1745,547
3663650,1752,1337
9688,1757,501
20781718,1762,1059
19917570,1773,434
3982636,1778,691
3982693,1779,692
4718652,1780,693
6244455,1781,694
11610445,1782,695
6680607,1786,442
6262634,1801,754
3663274,1821,1338
3663335,1824,1348
22013858,1826,1356
2855285,1834,381
3075592,1835,382
19917567,1836,435
2642566,68,1201
15288838,1697,1022
14744648,163,882
19937036,183,1038
6366858,227,672
20806332,238,1030
30393,369,943
4820572,376,424
6936503,631,855
28749174,688,1043
28749175,690,1044
28749178,691,1045
28749176,692,1041
28749177,693,1042
12051768,771,877
23634708,959,1024
23246759,982,1172
23246760,983,1173
23246764,984,1177
23246763,986,1176
23246758,987,1171
23246762,988,1175
23246761,989,1174
2967481,1046,581
11868259,1262,331
16729575,1441,332
25518725,1664,1039
11878119,140,976
6047183,141,854
6047188,200,871
6047184,202,829
11878099,203,929
6047185,204,828
7529385,205,294
7529683,208,295
7529675,209,293
6097843,215,843
4075427,217,842
6047190,595,853
6047191,781,864
6047192,782,825
29911120,783,818
6047197,828,793
6047194,1167,883
23935479,1170,296
13458276,1170,296
11878204,1789,297
11878139,1790,298
6047200,1725,823
6047201,1726,824
15169721,1770,968
15169800,1771,967
6047199,1793,850
6867640,1795,914
6047202,1797,861
6867581,1798,887
19835229,117,1129
22887485,143,1170
11877605,201,1049
11878134,206,1050
11878136,207,1051
18722840,210,1085
18722810,211,1086
18722834,212,1083
18722828,213,1084
18722856,214,1080
18722817,216,1081
17384238,463,1027
18205495,464,1082
25110696,495,1192
17682930,528,1048
24300786,493,1188
24300787,494,1189
24300789,496,1190
24300788,497,1191
22887490,1034,1184
19506135,1478,1090
13418943,1568,1052
22839535,1613,1169
11878205,1701,1054
12757802,1702,1055
20251195,1788,987
20251196,1791,988
10177452,1794,1183
20251197,1796,1034
15288891,137,315
20806325,1667,977
18221893,26,721
3663487,132,1297
2967484,229,425
3663415,272,1275
3663362,287,1259
5084231,373,673
3663275,409,1229
3663449,499,1285
14465158,524,667
20400127,545,811
3663392,560,1270
3663308,569,1240
20476492,677,1058
3663387,710,1269
2967486,748,427
3663465,758,1289
12444827,819,945
3663369,869,1262
3663575,938,1312
3663300,1018,1238
3663580,1030,1315
3663410,1032,1272
28470168,1069,786
3663347,1209,1254
15706201,1286,689
15707023,1287,690
2967362,1371,555
3663330,1614,1247
4104314,1618,334
15288837,1688,978
14465653,1720,741
4427265,1799,666
24492424,1800,911
76982,133,76
16073,1232,30
30622,1747,32
25218,1748,31
30514,189,260
70210,412,252
64077,416,263
70207,488,255
70211,489,256
64073,566,262
64071,596,259
73060,597,265
64075,1011,257
64072,1362,264
64074,1509,261
77348,174,1689
77345,476,1678
77308,604,1697
75863,909,1692
75864,910,1693
77309,911,1698
77341,946,1685
77346,947,1686
77349,948,1687
77351,949,1688
77310,1363,1696
77311,1364,1695
77343,1453,1679
77352,1472,1682
77350,1543,1680
77344,1544,1681
77347,1707,1683
77342,1708,1684
11488600,119,1540
23467,123,1517
11514681,124,1571
11488667,125,1524
23295,126,1572
23474,127,1507
23373,128,1566
23327,151,1416
21112,151,1375
11488669,173,1409
23332,194,1604
21105,228,1447
23483,234,1574
21107,236,1399
23449,246,1525
23352,247,1526
21117,248,1381
23541,282,1412
23489,330,1529
23475,386,1425
23469,387,1374
23320,392,1405
21103,408,1404
11488678,419,1567
23338,427,1634
23548,434,1629
23547,437,1452
21123,453,1426
21120,454,1433
23360,455,1475
23473,462,1609
23450,465,1501
23484,468,1587
11488679,469,1588
23459,470,1589
23472,471,1593
11488707,472,1568
11488708,473,1569
23442,474,1591
23444,478,1449
23315,502,1650
23495,503,1651
23406,506,1402
21124,513,1457
30623,515,1619
23466,516,1537
11488710,517,1532
23490,520,1640
23464,521,1641
21102,523,1391
21091,527,1406
23520,530,1432
23550,534,1400
23404,555,1431
23470,556,1601
23328,579,1608
23349,582,1528
21111,605,1435
23416,608,1662
23405,609,1661
73310,614,1620
73311,615,1621
23492,628,1547
23356,634,1506
11488713,635,1607
23413,640,1630
23414,641,1631
23436,642,1396
23306,655,1446
23298,659,1438
23525,669,1392
23463,682,1476
23517,683,1477
23437,684,1478
23477,685,1380
21087,686,1384
23518,687,1456
23321,714,1542
23339,715,1543
21100,718,1440
11488714,731,1545
23409,735,1536
23530,744,1548
11488715,745,1515
11488716,746,1508
23512,747,1479
23297,773,1386
25768,774,1418
23457,777,1480
23485,795,1481
23368,796,1611
23366,797,1467
23365,798,1468
23364,799,1614
23387,800,1615
11488717,801,1657
23399,802,1655
11488680,803,1656
23381,817,1546
21090,825,1429
25770,826,1490
23393,836,1586
23501,837,1605
23308,851,1390
23351,853,1499
23535,859,1613
11488671,866,1413
23386,867,1422
23524,868,1576
23500,894,1420
11488722,895,1582
23355,898,1493
23398,901,1562
23417,902,1516
21092,913,1389
23504,914,1494
11488673,915,1454
11582475,916,1455
23430,917,1535
23346,918,1482
23482,923,1394
23314,935,1387
23456,937,1424
23494,939,1564
11488681,941,1513
11488683,942,1519
23508,943,1565
11488724,944,1520
23419,950,1538
23324,952,1559
23536,953,1560
21126,955,1382
23363,956,1544
21113,958,1439
23552,962,1397
23549,971,1484
23322,976,1398
23305,977,1385
23465,978,1441
23528,1006,1430
23438,1007,1419
23369,1008,1388
25771,1055,1491
23486,1056,1472
23388,1058,1473
23389,1059,1474
23448,1063,1444
23401,1066,1485
23440,1067,1486
23402,1074,1487
23461,1087,1578
23311,1090,1539
23487,1102,1585
23522,1103,1602
23302,1107,1579
23361,1110,1603
23509,1125,1372
23344,1126,1632
23310,1127,1633
11488725,1158,1659
23362,1159,1658
11592767,1160,1664
23451,1173,1469
23455,1174,1470
23462,1175,1471
23544,1178,1502
23350,1179,1503
23531,1180,1652
23532,1200,1417
21095,1202,1459
23294,1204,1597
23316,1205,1598
23488,1206,1600
11488684,1207,1590
25766,1208,1592
23307,1238,1498
23317,1239,1504
23336,1241,1551
23499,1242,1552
23334,1243,1553
23496,1244,1554
23502,1245,1555
23545,1246,1556
23418,1247,1558
23506,1248,1561
61628,1249,1610
23385,1250,1642
23380,1251,1643
23379,1252,1644
23384,1253,1645
23383,1254,1646
23378,1255,1647
23377,1256,1648
61627,1257,1649
23318,1275,1563
23433,1316,1505
23345,1317,1488
23480,1319,1510
11488729,1320,1518
21093,1321,1522
11488723,1322,1511
23427,1323,1512
23309,1361,1453
23423,1361,1496
23439,1409,1530
23358,1429,1531
11488731,1445,1573
11594305,1446,1577
11594344,1447,1581
11488733,1448,1580
23391,1455,1623
23392,1456,1624
23394,1457,1628
11488685,1471,1660
23330,1476,1527
23422,1505,1627
23421,1506,1626
23313,1507,1549
23454,1511,1461
23521,1520,1534
23447,1526,1606
23301,1542,1437
23523,1545,1570
23539,1550,1463
23323,1551,1465
23540,1552,1464
23534,1553,1466
23537,1554,1618
23435,1555,1599
23431,1556,1637
23515,1557,1638
23425,1558,1639
23533,1559,1616
23538,1560,1617
11488677,1586,1492
11488676,1587,1495
23403,1589,1383
23481,1590,1443
11488690,1591,1663
23424,1599,1427
11488703,1623,1414
23367,1624,1403
23337,1625,1410
23514,1639,1509
11488734,1640,1521
11488689,1641,1523
23376,1652,1411
23543,1662,1378
64078,1665,1497
23546,1705,1533
23491,1710,1557
23434,1713,1407
23516,1714,1408
21088,1734,1448
21098,1763,1401
23343,1764,1415
23441,1777,1653
21109,1806,1421
21114,1807,1423
21096,1808,1451
11488668,1828,1445
11488672,1829,1373
21097,1841,1393
23335,1843,1489
64079,1844,1483
23312,1845,1460
21106,1850,1428
21122,1851,1458
21127,1852,1462
21121,1853,1436
21101,1854,1450
23542,1855,1625
51616,169,1
71596,171,225
71597,184,209
74831,315,216
71598,436,215
74245,580,289
24822,581,288
74409,717,44
74832,1118,217
74833,1119,218
71966,1121,214
71970,1122,223
71971,1123,208
9574,92,89
63297,147,42
63298,148,43
63295,149,46
63296,150,50
64118,327,211
76885,328,212
63367,418,39
75919,438,1672
72006,549,1668
20387,554,40
75921,568,1673
72157,594,284
63434,632,285
71556,662,286
69945,675,220
75922,768,1674
71430,806,48
71466,806,48
71434,806,48
66587,808,47
75923,822,1675
16835198,864,1669
72005,999,1670
25359,1088,90
75926,1268,287
75924,1406,1676
75920,1503,103
72029,1606,106
72030,1607,108
72031,1608,107
75925,1689,1677
25470,1070,54
61672,1369,101
61673,1370,102
25471,1643,85
73222,1644,86
25347,1765,210
77360,297,37
77290,734,45
63638,1299,68
77289,1783,72
19386,39,114
21693,38,146
21690,232,151
21688,235,124
21726,269,157
21858,270,157
21682,295,123
21707,342,152
21733,430,175
21679,431,176
62487,433,174
21731,460,181
77870,475,186
21678,539,160
77883,548,196
77881,578,190
21691,603,141
21722,607,134
21723,645,142
77873,663,193
21741,680,143
21716,695,118
77884,696,194
21727,723,161
21677,724,137
21673,730,147
21702,775,156
21674,778,144
21700,794,159
21694,807,149
77877,821,187
21689,843,119
21725,855,180
77882,857,199
21706,931,140
21732,961,153
21717,964,154
77875,968,189
21719,969,164
21737,1010,126
77879,1029,185
21703,1042,121
21696,1045,117
21708,1048,132
21698,1075,139
21680,1093,127
21709,1177,166
21711,1258,165
30012,1271,122
21681,1298,130
21675,1309,162
64167,1310,162
21697,1326,167
21701,1327,168
21742,1328,158
21730,1431,171
21736,1432,170
21720,1440,178
21739,1522,133
21676,1597,135
77876,1619,198
77885,1627,195
73007,1672,183
21683,1673,138
77886,1674,197
23235,1680,169
77872,1683,163
21705,1687,169
77878,1690,192
21695,1704,177
77871,1721,191
21684,1728,131
30011,1729,179
21738,1742,128
21714,1743,129
21686,1751,155
77874,1804,184
77887,1805,188
21728,1820,125
21721,1842,172
51617,243,11
51619,244,11
51620,245,11
61604,41,96
61603,237,83
25126755,298,58
25126764,299,55
25126765,300,64
25126766,301,56
25126767,302,59
25126756,303,63
25126757,304,61
25126758,305,60
25126759,306,65
25126760,307,57
25126761,308,62
25126762,309,67
25126763,310,66
25832,658,219
63443,1027,49
72001,1236,53
63469,1274,84
63470,1274,87
63471,1274,88
63465,1274,99
63466,1274,98
63467,1274,97
63472,1274,105
63468,1274,75
76471,283,110
76469,694,113
76468,789,115
76467,1132,200
76465,1276,201
76462,1277,202
76463,1592,204
76470,1709,205
70002,71,21
15336648,954,242
63695,1044,239
15336647,1131,237
63694,1176,241
63522,1186,34
72052,1567,244
72873,1645,25
74637,1651,245
69998,46,18
69988,50,27
69994,55,15
69995,58,26
69999,62,19
69996,76,17
69991,88,16
69992,90,13
69993,93,28
69989,102,20
69990,104,15
69997,115,24
9572,118,240
63933,193,232
29475,547,12
71461,720,270
71462,721,271
63934,840,233
63935,841,234
27326,865,274
75470,890,273
63936,924,235
15081339,1047,1368
63937,1164,236
63938,1278,238
61508,1487,230
74869,1802,207
29474,1847,29
62959,36,22
63370,1839,36
71591,29,1370
72788,1190,33
72789,1191,35
74411,543,227
74410,544,228
15292,1195,1369
14516061,107,1371
27260,967,231
23734410,510,1214
6462593,1009,526
64076,1715,258
77288,1012,51
75928,311,71
72263,89,23
76515,567,206
72115,805,272
19926251,67,1108
26229255,166,1212
25537687,963,1215
25492475,1015,1213
25537688,152,1087
20275634,285,1047
26229254,447,936
25616684,537,1134
20806326,726,1037
15086822,877,986
25583972,1049,1149
20670620,1153,1073
25788998,1611,1147
15969630,1679,1023
15986038,1827,1026
25567615,19,1064
19926246,57,969
26528219,131,1018
13417256,156,940
25746096,158,1091
19926247,162,946
25583973,164,1079
25616680,356,1132
25616681,357,1131
19937041,382,913
19937042,383,913
21968078,428,1128
28821845,620,1197
28821843,621,1196
22887488,737,1033
28001926,1003,1029
22887486,1024,926
22887486,1024,927
21968079,1302,1075
21968079,1302,1076
21968079,1302,1077
25616682,1470,1136
20806331,1698,872
22887489,22,1111
25567610,77,1150
25567611,78,1151
25567612,79,1152
25567613,80,1153
25567614,81,1154
12444838,135,1206
19920420,160,1036
26598762,168,1133
26661871,239,1194
20806333,240,1126
20806327,241,1088
25051654,413,1069
20806329,449,1070
26497688,490,1019
26078620,559,1182
22006516,312,1078
13504281,661,1207
26078625,689,1046
20414042,727,1121
22006519,772,1066
26616438,856,1124
26078622,861,1181
26078623,862,1181
26078624,863,1181
23246765,981,1178
28424788,985,1179
26616439,993,1123
26661870,994,1025
26616441,997,1187
20806279,1128,1125
20418239,1134,1040
28821841,1147,1185
19926250,1148,1068
15288839,1151,1020
26497687,1152,1107
19902438,1198,1065
20781722,1294,1056
19926245,1442,1203
26598761,1523,1155
26616440,1549,1122
19926244,1561,1032
20806330,1671,1031
15288890,1675,1202
26078618,1682,1135
22006518,1831,1067
20251198,142,1057
20251199,197,1053
25051655,293,1168
24684436,927,1021
20418231,1104,1217
20251194,1168,1127
20251193,1171,1035
19926241,639,319
19937045,903,317
25051652,385,1116
20245863,784,1110
20245864,785,1074
25051650,1585,1186
73061,1735,266
75865,912,1694
75927,1304,1671
77359,296,37
77361,1837,73
76464,466,112
76481,542,111
76491,788,116
76466,1404,203
74870,85,1367
14888357,99,8
19270,1108,7
42960,1565,1210
21008098,1578,1211
22865995,175,361
22865998,176,362
22866000,177,363
22866001,178,364
22866002,179,365
22866003,180,366
22866035,181,368
22866016,182,367
26480264,345,1318
1527746,573,546
1527751,574,546
1527754,575,546
26476783,593,708
22866087,792,371
22866021,926,370
26477288,990,463
26477901,991,464
22866045,995,369
23943757,1086,585
28357986,1267,619
9608,1333,484
9653,1341,487
25409463,1418,429
25313860,1423,391
23316305,1738,597
19920474,1740,1094
14889286,153,979
25313863,284,888
22871367,498,898
6221268,820,901
25313864,838,891
25313866,992,893
9722,1000,505
6352850,1071,902
9711,1083,500
23943749,1181,576
22866078,1222,900
26494464,1233,908
26494504,1234,909
41540,1290,955
23209310,1415,910
41539,1477,956
26475807,1539,335
41537,1601,957
41538,1602,958
41541,1615,959
20955,1620,884
9694,1638,512
13458145,1684,972
20781721,1703,1063
26476393,1718,384
9685,1739,506
23329752,1776,892
23246792,1825,899
25313921,59,775
25313921,59,770
23640601,86,572
15969532,144,980
15936123,145,981
14889289,370,1204
28119925,725,758
20346,810,885
20293760,1065,781
30392,1144,963
28605762,1163,856
13513682,1230,333
23316289,1297,711
26494698,1635,712
26494699,1636,713
23209313,1677,932
28470156,1761,1205
23209319,391,870
28358534,827,792
23209323,1577,826
19937043,617,318
19937044,711,320
20414043,1150,321
72266,1621,316
3199713,1483,344
22006517,167,282
25608,1699,322
1860643,69,426
1422311,98,762
4380801,109,614
1479875,113,401
9673,251,655
9630,252,657
9613,253,656
21888842,583,703
5716747,584,702
5716725,585,696
11878172,585,696
5716749,586,701
5716726,587,697
5716732,588,699
22861156,589,698
5716754,590,705
5716743,591,700
5716741,592,704
5810542,637,681
6207476,701,728
6207477,702,726
6207478,703,734
6207479,704,729
6207480,705,732
6207481,706,731
6229669,707,733
6207482,708,730
6207483,709,727
9669,759,645
9680,760,649
24706,761,650
9606,762,646
9647,763,647
9642,764,644
9651,765,648
4055883,779,1222
17984402,813,1220
4099773,833,637
15999,871,561
6207487,934,630
6207485,1098,631
6207486,1099,632
3936347,1219,635
3596742,1281,451
17384927,1288,323
30001,1314,403
13797006,1408,789
23212,1531,920
3892723,1562,684
3892725,1563,685
3892726,1564,686
22518,1582,917
22519,1583,918
22520,1584,919
15996,1727,680
1533207,1815,324
1534262,1816,330
1534264,1817,351
16538820,27,545
11713137,42,773
16078,75,821
6873085,83,944
9713,185,497
6240698,186,890
20159,196,359
18222725,230,638
6224359,233,894
14008172,249,897
3663528,313,1349
23217,364,915
9728,379,499
22871469,414,903
9710,440,777
20161,441,778
5786823,477,735
22871390,492,904
6375642,500,895
14009791,540,907
3663327,562,1355
14008141,565,571
3327793,600,542
20099,638,831
18050501,665,627
14008122,722,906
19478,791,841
2838600,849,579
2004006,897,570
20160,1016,737
3663486,1114,1352
22871456,1124,905
19512738,1143,783
3663378,1185,1353
14853390,1229,863
4540033,1260,513
29477,1367,481
19494,1414,839
9706,1463,575
9702,1464,574
13053708,1475,1200
3327830,1493,355
13796670,1571,578
3663680,1593,1335
20100,1605,827
3663518,1610,1329
14009801,1629,896
1774141,1766,584
3324311,1833,423
4341139,61,759
2546284,64,671
1925011,103,573
4595929,136,716
42065,165,964
7134247,218,948
20476046,219,953
25045,220,952
7062934,223,947
6861855,225,954
6933678,226,949
14411085,318,742
16015,319,743
6022276,363,788
16021,367,760
4513359,368,641
3970939,371,620
6292298,374,808
11861948,375,809
18097285,456,455
20089,481,794
20089,481,795
4056806,529,688
13419126,536,1199
27199,564,776
26112,616,717
19444,873,718
26111,874,719
6073989,933,676
9738,960,522
16020,1062,764
16019,1062,764
2549113,1080,386
20117,1138,830
2855349,1182,551
9739,1183,521
5810574,1201,675
13251503,1283,867
23316267,1284,869
19445,1285,868
25043,1443,950
25044,1444,951
14959487,1486,965
16067,1537,520
13419492,1626,1208
22541,1661,928
3155153,1663,582
19081332,1666,813
20088,1730,876
2850561,1746,557
9763,332,797
9759,346,745
9761,347,748
9758,348,752
4337015,349,750
4226438,350,753
9756,351,749
4226430,352,746
6338011,353,747
4338454,354,744
4338289,355,751
4336495,712,659
4336506,815,658
4337010,834,660
16079,1060,663
3966578,1405,679
22866417,37,802
19449,459,852
25039,221,310
25037,222,308
25038,224,309
12423730,461,312
20476195,667,307
20476191,668,306
20471142,1211,305
13472789,1436,311
19906790,1437,314
19906798,1438,313
23942783,105,654
13682236,365,428
2961875,809,360
9766,1303,765
4385692,1428,720
14795035,1462,543
9767,1604,767
18056895,1755,674
23942770,1772,665
2961877,1813,389
2961870,1818,379
3990229,491,669
4403980,1120,563
10587700,1282,633
19405,1467,738
19406,1468,740
19407,1469,739
1263112,100,450
19264,341,820
20125,372,803
9775,533,806
9777,653,514
3663706,670,336
3663707,671,337
3663708,672,338
3663700,673,339
3663778,674,340
9778,678,515
20126,1035,787
20127,1149,822
3663790,1214,1328
9770,1488,395
16539510,1500,419
9774,1647,516
64114,611,267
64115,612,268
64116,613,269
23390,134,1575
23303,172,1442
23325,280,1635
23397,389,1434
21116,627,1379
23400,643,1500
23471,713,1550
21089,1005,1584
23341,1011,1583
23370,1061,1541
23300,1078,1594
23519,1079,1596
23526,1115,1377
23493,1116,1395
23292,1203,1636
23426,1237,1654
21125,1616,1376
19423,1068,52
22811,1050,91
25567,1051,92
25568,1052,93
25569,1053,94
25571,1054,95
24823,1696,82
19385,44,114
21735,322,120
21734,432,182
16349,576,173
15184,1311,150
21715,1499,145
21699,1598,136
52554,1501,1218
25839,921,221
41259,922,222
42089,1315,224
25838,1530,226
22719,966,290
22718,1100,291
15267,52,279
15224,452,1365
15146,860,1362
15226,919,277
16662,965,276
15275,1017,275
15311,1529,280
15197,1595,278
15212,1649,281
15307,1712,1361
15307,1712,1364
15155,1819,1363
22197,390,109
29974,538,14
22193,766,77
62944,928,81
22195,972,78
16319,1646,80
20401,1723,79
27256,1846,74
27259,384,247
62946,660,250
62947,732,229
20400,925,246
27258,929,248
27261,1849,249
78283,940,1514
78284,945,1612
21110142,444,939
28605760,1433,1109
78277,552,253
78278,553,254
78280,1227,1690
78281,1228,1691
78285,1076,1622
78286,1077,1595
78287,1161,1665
78288,1162,1666
